{
    "JobID": 0,
    "geometry": {
        "height": 1944,
        "width": 2592,
        "fov": [1.0, 1.0, 1.0],
        "upperleft": {
            "position": [250, 250],
            "distance": 21.21320344
        },
        "upperright": {
            "position": [750, 250],
            "distance": 21.21320344
        },
        "lowerleft": {
            "position": [250, 750],
            "distance": 21.21320344
        },
        "lowerright": {
            "position": [750, 750],
            "distance": 21.21320344
        }
    }
}
